,0,1
abandon,1,0
abil,1,0
abl,5,5
abrupt,1,0
absent,0,1
absolut,1,6
absorb,2,2
abstract,0,1
abu,1,0
abund,1,1
acceler,10,0
accept,3,2
access,10,2
accommod,1,0
accompani,2,2
accomplish,2,0
accord,17,2
account,17,6
accumul,2,0
accur,1,0
achiev,9,3
acknowledg,3,1
acquisit,1,0
across,6,6
act,5,5
action,6,3
activ,17,3
actual,5,1
ad,0,2
adapt,6,1
add,1,0
addit,3,1
address,6,3
adequ,1,0
adequaci,0,1
adjust,12,0
administr,1,0
admit,1,0
adopt,3,2
advanc,5,0
advantag,3,0
advent,1,0
advers,1,1
advoc,1,0
affair,0,1
affect,2,3
affluenc,1,0
afford,1,1
aftermath,1,0
agenda,1,0
aggrav,1,0
aggreg,6,5
aggress,1,0
ago,6,2
agre,2,0
agreement,7,0
agricultur,1,0
ahead,5,2
ail,0,1
aim,1,8
air,0,2
akin,0,1
al,1,0
albeit,1,0
alien,1,0
align,2,0
alik,1,0
allevi,0,1
alloc,1,4
allof,1,0
allow,6,2
allur,1,0
almost,3,0
along,2,1
alongsid,0,1
alreadi,5,2
also,42,13
alter,3,2
although,11,4
alway,3,4
among,3,0
amongst,0,2
amount,6,6
ampli,1,0
amplifi,1,0
analog,0,2
analys,1,0
analysi,2,3
analyst,3,0
anchor,1,0
andor,1,1
animos,1,0
anniversari,0,1
announc,1,2
annual,10,0
annum,1,0
anoth,2,3
answer,1,0
answeri,1,0
ant,1,1
anticip,4,1
antiterror,1,0
antiterrorist,1,0
anyon,1,1
anyth,0,2
apart,1,0
appar,2,1
appear,8,0
appetit,1,0
appli,2,2
applic,4,1
appoint,1,0
appreci,2,0
approach,22,6
appropri,6,5
april,2,4
area,9,3
argu,1,3
arguabl,1,3
argument,0,1
aris,4,1
arm,1,0
around,2,8
arrang,1,0
array,1,0
arrest,4,0
articl,0,1
articul,1,1
artist,1,0
ascertain,2,0
ascrib,1,0
asean,9,0
aseanchina,1,0
asia,31,0
asian,16,0
asiapacif,1,0
asid,1,0
ask,1,0
askcould,1,0
assembl,1,0
assert,6,0
assess,5,2
asset,1,28
assetmarket,0,1
assetpurchas,0,2
assimil,1,0
assist,1,1
associ,7,0
assum,2,0
assumpt,2,0
assur,1,0
asund,1,0
atlanta,1,0
atrophi,0,1
attach,1,1
attack,2,0
attain,1,0
attempt,4,1
attend,2,0
attent,3,0
attitud,1,0
attract,5,0
attribut,4,0
attun,1,0
auction,0,8
audit,1,0
august,0,2
auspic,0,1
australia,2,0
author,6,16
authoris,0,1
auto,1,0
automat,0,1
autumn,0,1
avail,5,13
averag,6,2
avert,0,1
avoid,4,9
away,3,2
b,1,0
baasyir,1,0
back,2,3
background,1,0
backlog,1,0
backstop,0,3
backup,1,0
backward,1,0
bagehot,0,6
bail,1,0
bailin,1,0
bailout,3,0
bakar,1,0
balanc,5,15
bali,4,0
bank,30,287
bankbas,0,1
bankdeal,0,1
bankprovid,0,1
bankrupt,1,0
bare,0,1
base,11,4
basel,6,2
basi,4,4
basic,3,1
basu,1,0
batam,1,0
bcbs,0,1
bear,2,2
becam,1,2
becom,6,4
bedevil,0,1
began,1,0
begin,2,1
behavior,3,0
behaviour,0,1
behind,1,0
belief,2,0
believ,9,2
belong,1,0
benefici,1,0
benefit,6,8
bespok,0,3
best,10,3
bestqual,0,1
bet,1,0
better,12,2
beverag,1,0
beyond,8,4
bid,0,1
bidask,0,1
bidoff,0,2
big,0,4
bilater,3,1
bill,0,3
billion,3,0
bind,0,1
bintan,1,0
bis,2,0
bit,3,0
bleak,1,0
blind,0,2
blog,0,1
blunden,0,2
board,4,2
bodi,2,0
bolster,1,0
bomb,3,0
bond,1,9
book,1,5
boom,6,0
boost,9,0
border,0,1
borrow,8,6
boston,0,1
bottom,1,0
bound,0,1
box,1,0
bp,0,1
brace,1,0
brake,1,0
break,0,1
bring,2,6
brisk,1,0
broad,7,7
broaden,1,0
broader,4,2
broke,1,1
brought,3,0
brunnermei,0,1
buffer,0,5
buffet,1,0
bug,1,0
build,1,4
built,0,1
buiter,0,3
bullet,1,0
bulletin,0,3
burgeon,1,0
burst,1,0
busi,34,3
bust,1,0
buttress,1,0
buy,2,9
buyback,1,0
buyer,0,3
bypass,0,1
calcul,0,3
call,3,5
came,0,1
canada,6,2
canadian,3,0
cant,1,0
capabl,0,2
capac,6,3
capit,55,22
capitalexport,1,0
capitalimport,1,0
capitalinsur,0,1
captur,1,0
care,0,3
carnegi,1,0
carney,0,1
carri,3,0
carter,1,0
case,13,3
casebycas,6,0
cash,1,9
cashliquid,0,1
catalys,1,0
catalyt,0,2
cater,0,1
cato,1,0
caus,5,3
causal,1,0
cautious,2,0
caveat,2,0
cds,0,1
cecchetti,0,1
cent,5,0
centr,0,3
central,4,56
centralis,1,0
centuri,5,3
ceo,1,0
certain,3,2
certainti,2,1
cgfs,0,2
chairman,1,1
challeng,7,2
chanc,1,0
chang,33,3
chapman,0,1
character,1,0
characterist,1,1
charg,1,5
cheapli,0,1
chemic,2,0
chicago,1,0
chief,1,0
china,27,0
chines,9,0
choic,2,2
choos,0,2
chose,0,1
circl,1,0
circuit,1,0
circul,0,1
circular,1,0
circumspect,1,0
circumst,4,8
cite,2,0
citizen,1,0
civil,1,0
civilian,1,0
claim,0,1
clarifi,0,1
clariti,1,0
class,0,3
classic,0,2
clean,0,1
clear,8,13
clearer,1,3
clew,0,1
client,1,0
climat,2,0
close,7,2
closer,1,0
cloud,2,0
code,1,0
coher,1,0
cohes,1,0
collabor,2,0
collaps,0,1
collater,0,42
colleagu,2,0
collect,3,3
colr,0,6
combust,1,0
come,4,3
comefirst,0,1
comment,2,0
commerci,1,9
commit,4,5
committe,15,8
common,0,2
communic,4,0
communiti,8,1
compact,1,0
compani,20,1
compar,3,2
competit,9,0
competitor,1,0
complement,3,0
complementar,1,0
complementari,1,0
complet,3,1
complex,9,1
compli,0,1
complianc,2,0
complic,1,0
compon,1,0
composit,0,2
comprehens,2,0
compris,0,3
comput,7,0
conceal,1,0
conceiv,0,1
concentr,1,0
concern,9,2
concert,2,0
concessionari,1,0
conclud,5,2
conclus,4,1
concomit,1,0
concur,1,0
condemn,2,0
condit,1,15
conduc,1,0
conduct,1,0
conduit,0,1
confer,4,4
confid,12,5
confirm,0,1
confluenc,1,0
confront,4,0
confus,0,1
consensus,4,1
consequ,2,1
consid,1,2
consider,7,2
consist,7,8
consolid,4,0
constant,3,0
constantnav,0,1
constel,1,0
constrain,1,1
constraint,1,2
construct,1,2
consult,5,2
consum,3,1
consumpt,1,0
contagion,2,0
contain,7,3
contend,1,0
context,3,5
contin,1,0
conting,0,7
continu,26,2
contract,0,1
contractu,1,0
contrast,3,1
contribut,7,2
contributor,1,0
control,6,5
conven,1,0
convers,1,2
convert,0,3
convinc,2,0
cooper,5,0
coordin,1,0
cope,0,1
copi,0,1
core,6,2
coreliquid,0,1
corner,0,1
corpor,16,4
correct,3,0
corrobor,1,0
cosponsor,1,0
cost,18,17
could,6,24
council,0,1
count,2,2
counter,1,0
counterpart,1,0
counterparti,0,6
counterproduct,2,0
countri,28,3
coupl,2,0
cours,3,13
cover,2,3
coverag,2,0
cpf,3,0
creat,11,8
creation,2,1
creativ,4,0
credibl,2,3
credit,10,11
creditfundament,0,1
creditor,7,1
crise,11,3
crisi,21,24
crisisaffect,1,0
crisisresist,1,0
criteria,0,3
critic,3,0
cross,0,1
crossmarket,1,0
crucial,2,4
crude,0,1
crunch,0,1
crystallis,0,2
cultur,3,0
cummin,1,0
curb,0,1
currenc,2,0
current,13,13
curtail,2,0
cushion,0,1
custodian,1,0
customis,1,0
cut,5,2
cycl,0,2
cyclic,9,1
daili,0,2
dale,1,0
damag,1,1
dan,2,0
data,10,1
datawer,1,0
date,2,0
daunt,1,0
david,2,0
day,2,5
daytoday,0,3
de,0,1
deal,5,1
dealer,0,2
dean,1,0
debat,1,5
debt,11,1
debtor,3,0
decad,12,3
decemb,1,1
decentr,1,0
decid,0,2
decis,4,2
declar,0,2
declin,2,1
decompos,1,0
decre,2,0
decreas,1,0
dedic,0,1
deep,1,0
deepen,5,0
deepeningand,1,0
default,1,2
defi,1,0
deficit,1,0
deficitfinanc,0,1
defin,0,2
definit,3,2
deflat,1,0
deft,1,0
degrad,0,1
degre,5,3
delay,2,0
deliber,0,1
deliv,0,5
demand,14,5
democrat,1,0
demonstr,0,1
denial,1,0
depart,0,1
departur,1,0
depend,5,1
deplet,0,2
deploy,1,0
deposit,0,13
depositor,0,3
deposittak,0,1
depreci,1,0
depress,2,0
deputi,1,1
deregul,2,0
deriv,2,0
describ,0,3
deserv,1,0
design,0,12
desir,6,1
despatch,1,0
despit,2,0
destin,3,1
destroy,1,0
detail,2,3
detain,1,0
deter,1,0
deterior,0,2
determin,4,3
develop,27,10
devic,1,0
devis,0,1
dictum,0,2
differ,7,3
difficult,6,2
difficulti,5,0
diffus,1,0
digest,1,0
dimens,2,1
direct,6,7
disappear,1,0
discern,1,0
disciplin,3,0
disclaim,1,0
disclos,0,1
disclosur,3,0
discount,0,10
discourag,1,0
discov,1,1
discret,0,1
discretionari,0,1
discuss,4,5
disk,1,0
disloc,1,0
dismiss,1,0
disord,0,1
dispar,1,0
disposit,2,0
disrupt,6,4
dissid,1,0
dissip,1,0
distinguish,2,0
distract,1,0
distress,1,7
distribut,0,2
distrust,1,0
diversifi,3,0
divert,2,0
divid,1,0
dividend,1,0
divis,2,0
doctor,1,0
document,1,1
dodg,2,0
doha,1,0
dollar,1,0
domest,7,1
domino,1,0
done,1,0
door,1,0
dotcom,1,0
doubl,0,1
doubt,1,2
doubtless,2,0
doug,1,0
downsiz,1,0
downturn,4,0
dpm,1,0
drag,1,0
drain,0,3
dramat,1,0
drastic,1,0
draw,0,5
dri,0,2
drive,3,1
due,0,3
dwell,0,1
dwf,0,10
dynam,2,0
dynamo,1,0
dynan,1,0
eager,1,0
earli,2,3
earlier,3,2
earn,1,1
easi,2,0
easili,2,0
east,2,0
ebulli,1,0
econom,47,2
economi,41,12
economist,5,0
economistskaren,1,0
eddi,0,2
edg,1,0
educ,3,0
effect,14,15
efficaci,1,0
effici,12,0
efficiencyimprov,1,0
effort,11,0
efta,1,0
eg,0,1
eighteen,0,2
either,2,3
eke,1,0
electr,2,0
electron,2,0
element,5,1
elev,5,0
elig,0,12
elimin,3,0
elmendorfclear,1,0
els,1,0
elsewher,0,1
elud,1,0
embark,2,2
embed,1,0
emblow,0,1
embodi,2,0
embrac,1,0
emerg,10,0
emir,1,0
emphasi,2,0
employ,2,4
employe,1,0
enabl,0,2
encompass,1,0
encourag,15,1
end,7,4
endjanuari,0,1
endogen,0,1
endors,0,1
engag,2,1
engin,3,0
england,0,27
enhanc,6,1
enjoy,3,0
enorm,2,0
enough,1,5
ensur,3,2
entail,4,3
enter,2,2
enterpris,5,0
entiti,1,0
entrepreneuri,3,0
entrepreneurship,5,0
environ,16,1
episod,2,0
equal,1,3
equilibrium,0,1
equip,12,1
equiti,4,3
equival,1,0
erc,1,0
eric,0,1
error,1,0
erupt,1,0
escap,1,0
especi,2,2
essenc,2,0
essenti,4,2
establish,4,3
estim,9,0
etc,0,2
ethic,1,0
eu,2,0
euphor,1,0
european,1,0
evalu,4,0
even,7,8
event,6,3
eventu,1,5
ever,0,1
everi,4,1
everlarg,1,0
everyth,0,3
evid,10,2
evolut,3,0
evolv,1,0
ex,1,4
exacerb,1,0
exact,3,0
exampl,7,11
exceed,2,0
excess,4,4
exchang,4,7
exclud,1,0
execut,2,0
exempt,2,0
exercis,2,0
exert,1,0
exhaust,0,2
exig,1,0
exist,4,2
exit,1,2
expand,8,2
expans,6,1
expect,9,0
expedit,0,1
expediti,1,0
expenditur,2,0
expens,1,0
experi,13,2
experienc,1,0
experiment,1,0
explain,7,1
explan,1,1
explicit,0,5
exploit,5,0
explor,1,0
explos,1,0
export,7,0
exportl,1,0
expos,1,3
exposur,0,3
express,1,1
expung,1,0
extend,1,2
extent,3,1
extern,6,1
extra,0,2
extraordinari,4,0
extrapol,0,1
extrem,2,2
extremist,9,0
eye,0,2
face,5,7
facil,3,34
facilit,5,0
fact,4,2
facto,0,1
factor,11,1
factori,1,0
fade,1,0
fail,3,3
failur,2,4
fair,3,2
fall,6,5
fallen,1,0
fallout,1,0
falter,1,0
familiar,0,1
famin,1,0
famous,0,1
fanat,1,0
far,7,3
fashion,0,1
faster,4,0
fastestgrow,1,0
fat,5,0
faulti,1,0
favor,0,1
favour,1,1
fear,2,2
feasibl,3,0
feast,1,0
featur,0,1
februari,0,2
fed,1,1
feder,6,3
fee,0,1
feed,2,0
feedstock,1,0
feel,2,0
fell,2,0
fellow,2,0
fellowship,1,0
ferguson,2,0
fernald,1,0
fewer,1,0
fiduciari,1,0
field,2,0
fifteen,0,1
fifteenth,0,1
fifth,1,1
fight,0,1
final,5,0
financ,6,6
financi,39,44
find,9,3
finish,1,0
firm,14,8
first,11,13
fiscal,4,1
five,1,0
fix,2,1
fixedincom,1,0
flag,1,0
fleet,1,0
flexibl,6,0
flow,8,4
fluctuat,1,0
focus,10,5
follow,12,6
food,1,0
foolhardi,0,1
foot,0,1
forb,1,0
forc,4,0
ford,1,0
forecast,1,0
foreign,9,1
forestal,0,2
forget,1,0
forgot,0,1
form,2,2
formid,1,0
formul,0,1
formula,1,0
fortnight,0,2
fortun,1,0
forward,2,0
forwardlook,2,0
foster,3,0
found,1,3
four,2,1
fourth,2,1
fragil,0,1
frame,0,1
framework,7,6
frank,1,1
free,4,0
freeli,0,1
freez,1,0
friction,0,2
front,0,2
frontlin,1,0
fruit,1,0
fsa,0,1
fta,6,0
ftas,2,0
full,3,0
fulli,6,1
function,7,4
fund,6,15
fundament,7,3
funder,0,1
furthermor,1,0
futil,0,1
futur,10,4
g,2,4
g,28,0
gain,17,1
game,2,1
gap,2,1
gapthat,1,0
garner,1,0
gather,1,0
gdp,1,0
general,11,9
generat,3,0
generous,0,1
gentlemen,1,0
geopolit,1,0
georg,0,4
german,0,1
get,7,2
gilt,0,4
giovanni,1,0
give,4,6
given,7,10
global,14,3
globalis,1,1
globe,1,0
gloomi,1,0
go,5,3
goal,8,2
godot,1,0
goe,0,2
gold,0,2
gone,1,0
good,1,5
govern,26,14
governor,4,3
gradual,3,0
grain,2,0
grand,1,0
grasp,1,0
gravest,0,1
great,6,4
greater,6,2
grew,7,0
grind,1,0
gross,0,1
ground,0,1
group,10,4
grow,6,0
grown,3,0
growth,86,1
guarante,2,0
guard,1,1
guest,1,0
guid,3,1
guidelin,1,0
h,0,1
haircut,0,14
half,5,1
halt,2,0
hand,4,3
handelsblatt,0,1
handl,2,0
happen,2,0
happi,2,0
hard,1,1
harder,1,0
hardwar,2,0
harm,3,0
harmoni,1,0
head,2,1
headway,1,0
health,2,0
healthcar,2,0
healthi,1,0
heavili,1,0
heavyhand,1,0
hefti,0,1
height,0,1
heighten,1,0
held,2,3
help,12,13
henc,4,0
high,12,6
higher,4,3
highestqu,0,3
highgrowth,1,0
highincom,1,0
highlight,3,0
highlylev,0,1
highpotenti,1,0
highqual,1,5
highreturn,1,0
hightech,17,0
hildebrand,0,1
hint,1,0
histor,7,0
histori,2,1
hit,1,0
hmg,0,1
hmt,0,1
ho,2,0
hold,0,12
home,3,0
honest,1,0
hong,1,1
honor,1,0
hope,3,2
hopkin,1,0
hospit,1,0
host,2,0
hottest,1,0
hour,24,0
hous,1,0
household,1,3
howev,10,4
howyou,1,0
hsien,2,0
httpmavereconblogspotcomcentralbankasmarketmakeroflasthtml,0,1
hu,1,0
human,1,0
hunt,0,1
hurt,1,0
hybrid,0,1
hybriddebtcapit,0,1
ibid,0,1
id,3,0
idea,3,3
ideal,0,3
identifi,4,0
idiosyncrat,0,1
ie,1,5
ignor,1,1
ii,3,0
illequip,1,0
illiquid,0,4
illustr,0,1
im,2,0
imag,1,0
imagin,0,1
imbal,2,0
imbu,1,0
imf,1,0
immedi,2,1
immin,1,0
immunis,1,0
impact,3,0
impair,1,2
imped,1,0
imperil,0,2
implement,8,5
impli,0,1
implic,8,0
import,19,5
impos,1,0
imposs,0,1
impress,3,0
improb,1,0
improv,9,2
imprud,0,2
inadequ,1,0
inadvert,0,1
incent,4,9
incentivis,0,2
includ,9,9
incom,5,0
incomplet,0,1
inconsist,0,1
incorpor,3,0
increas,21,13
increment,3,0
incur,0,1
inde,12,3
indebted,1,0
indemn,0,1
independ,2,3
indic,2,0
indirect,0,1
individu,3,8
indonesia,9,0
indonesian,5,0
induc,2,1
industri,15,0
industryobvi,1,0
ineffect,0,1
inevit,1,0
infer,2,0
inflat,13,4
inflationcontrol,1,0
inflow,1,0
influenc,7,0
inform,7,3
infrastructur,1,1
inher,3,2
inhibit,1,0
initi,6,1
inject,0,6
innoc,2,0
innov,12,2
insead,1,0
insepar,0,1
insid,0,1
insight,2,0
insignific,1,0
insofar,0,1
insolv,2,2
instabl,0,2
instal,2,0
instanc,4,0
instead,3,2
instinct,1,0
institut,12,11
instrument,5,7
insur,2,41
intact,0,1
integr,2,0
intellectu,1,0
intend,1,0
intens,2,0
intensif,1,0
interact,1,1
interconnect,0,1
interdepend,1,0
interest,9,6
interfer,0,1
intermedi,1,0
intermediari,0,2
intern,25,5
internation,1,0
internet,1,0
interpret,2,0
interrupt,1,0
intertwin,0,1
intervent,2,2
interview,0,1
intraday,0,2
introduc,5,5
introduct,1,0
invent,1,0
inventori,0,3
invest,34,4
investmentsof,1,0
investmentspecif,1,0
investor,15,2
invit,1,0
involv,7,4
inward,1,0
iraq,1,0
irreduc,1,0
islam,5,0
islamiyah,2,0
island,2,0
issu,6,7
issuanc,0,1
ivori,0,1
j,3,0
japan,3,0
japanasean,1,0
japanes,1,0
japansingapor,1,0
jason,1,0
jemaah,2,0
jet,1,0
jintao,1,0
job,2,2
john,2,0
join,2,1
joint,0,1
jorgenson,2,0
journey,1,0
jr,2,0
judg,0,1
judgment,0,2
juli,0,2
jump,1,0
jurong,1,0
k,0,1
kalin,0,1
keep,3,3
kept,0,1
kevin,1,0
key,14,1
keynot,1,0
kickstart,0,1
killer,1,0
kind,0,4
king,0,4
know,9,1
knowhow,0,1
knowledg,1,1
known,0,2
koizumi,1,0
kong,1,1
korea,1,0
l,1,1
label,1,0
labor,11,0
labour,3,0
lack,1,2
ladi,1,0
lag,1,1
laid,0,1
lake,0,1
landscap,4,0
languish,1,0
larg,11,6
larger,0,1
largest,5,0
last,7,15
late,7,1
later,3,0
latest,3,0
latter,4,1
launch,3,0
laura,2,0
law,2,1
lawyer,1,0
lead,1,3
leader,6,0
leadingedg,2,0
leak,0,1
learn,4,1
least,0,2
leav,2,3
lectur,3,3
lee,2,0
left,1,2
legaci,0,1
legal,2,0
legisl,1,0
legitim,1,0
lend,2,27
lender,2,4
length,1,0
lengthen,1,0
lent,0,1
less,6,10
lesson,2,3
let,5,3
letter,0,3
level,20,4
lever,1,0
leverag,2,2
levi,0,2
liabil,1,4
liber,0,1
liberalis,1,0
lichtenberg,1,0
lie,2,1
life,2,1
light,2,1
like,25,9
limit,6,2
limitord,0,1
linchpin,1,0
line,1,7
link,4,1
linkag,1,0
linkup,1,0
liquid,5,102
liquidityinsur,0,3
liquidityrisk,0,1
liquiditysupport,0,1
list,2,2
littl,6,0
live,4,0
loan,0,7
loanbyloan,0,1
local,11,0
locat,2,0
lock,1,0
lolr,0,10
lombard,0,4
london,3,1
long,4,5
longer,5,1
longerterm,2,2
longitudin,1,0
longlast,1,0
longrun,2,1
longstand,1,0
longterm,4,4
look,2,5
loom,1,0
loong,2,0
lose,3,0
loss,2,1
lossabsorb,0,1
lot,0,1
low,5,0
lower,8,0
lowercost,1,0
lowinfl,1,0
lowrisk,1,0
lowyield,0,1
lse,0,1
lses,0,1
ltr,0,1
ltrs,0,3
maastricht,1,0
machin,1,0
machineri,0,1
macro,1,0
macroeconom,6,0
made,7,3
madrasah,1,0
magic,1,0
magnitud,3,1
main,3,1
maintain,6,3
mainten,2,3
major,8,1
make,10,8
maker,0,5
malaysia,3,0
malaysian,2,0
malcolm,1,0
manag,25,18
managedmarket,1,0
managementperhap,1,0
mandat,0,1
mani,19,7
manifest,1,0
manner,1,1
manufactur,6,0
map,0,1
marathon,1,0
march,0,2
margin,3,1
mark,0,4
markdown,0,1
market,57,82
marketbas,6,1
marketdriven,1,0
marketmak,0,3
marketori,1,0
marketplac,2,0
marktomarket,2,0
mas,2,0
massiv,1,1
materi,1,0
mathemat,1,0
matter,2,8
matthew,1,0
matur,5,8
maverecon,0,1
maxim,1,0
maximis,2,0
maximum,0,1
may,19,11
maze,0,1
mcdonough,2,0
mean,5,8
meaning,2,2
measur,27,5
mechan,0,2
media,1,0
medic,1,0
medium,1,1
mediums,0,1
mediumterm,1,0
meet,0,2
megawati,1,0
member,3,1
memorandum,0,1
mention,2,2
menu,0,1
mercantilist,1,0
mere,2,0
mervyn,0,4
mesh,1,0
mess,0,1
messag,1,0
method,2,0
methodolog,4,0
michael,0,1
micro,1,0
microeconom,2,0
microprudenti,0,1
mid,4,1
middecad,0,1
middl,1,0
middleclass,1,0
middleincom,1,0
midst,0,1
might,7,12
mile,1,0
mileston,1,0
milit,2,0
militaryrel,1,0
million,1,0
mind,3,0
minim,4,0
minimalist,2,0
minimis,1,0
minimum,4,2
minist,2,0
ministri,1,0
minor,1,0
miracl,1,0
mirag,1,0
mire,1,0
misalloc,1,0
mislead,0,1
mismatch,0,2
mission,1,0
mistak,0,2
mistaken,1,1
misus,1,0
mitig,0,1
mmlr,0,14
mncs,4,0
mode,1,2
model,4,2
moder,4,0
modern,2,0
modest,2,2
moment,2,0
momentum,1,0
monetari,11,31
money,3,24
monitor,3,1
month,3,11
monthlong,0,1
mood,1,0
moot,1,0
moreov,9,0
morgan,1,0
morn,2,0
motiv,0,1
move,2,1
movement,1,0
mpcs,0,1
mr,3,0
much,20,10
muhammadiyah,1,0
multifactor,4,0
multilater,2,0
multisector,1,0
mun,1,0
muslim,11,0
must,9,12
mutual,1,1
myriad,1,0
nahdlatul,1,0
narrow,0,2
narrowli,0,1
nation,8,2
nationalist,1,0
natur,8,0
near,2,0
nearzero,0,1
necessari,8,4
necessarili,1,0
need,34,21
negat,3,0
neither,1,0
net,2,6
network,6,0
never,1,2
nevertheless,1,1
new,49,6
news,1,0
newspap,0,1
next,5,0
nikolov,0,1
nineteenth,1,0
nomin,0,1
nonbank,0,2
none,1,0
nonessenti,1,0
nonetheless,2,0
nonfarm,3,0
noninflationari,2,0
nonmuslim,1,0
nonproduct,1,0
normal,3,3
northeast,2,0
notabl,1,0
note,3,1
noth,1,0
notic,0,2
notion,2,1
notwithstand,1,0
nuanc,1,0
number,5,3
numer,2,0
nurtur,2,0
object,3,3
obscur,0,1
observ,4,2
obsolet,2,0
obtain,2,0
obvious,2,5
occas,1,0
occasion,0,2
occur,8,2
octob,6,2
odd,1,0
offer,5,10
offic,2,0
offici,2,1
offset,0,1
offshor,1,0
often,11,0
oil,3,1
old,1,0
older,1,1
olin,3,0
olinersichel,1,0
omo,0,8
ondemand,0,1
one,19,13
oneoff,1,1
onesizefitsal,1,0
onetim,2,0
ongo,4,0
ontario,1,0
onto,0,2
open,4,5
oper,16,28
operationalis,0,1
operationsfacil,0,1
operationsfat,1,0
opportun,9,0
opposit,1,0
optim,1,0
optimist,3,0
option,3,2
orchestr,1,0
order,6,5
ordinari,0,1
ordinarili,1,0
organ,1,0
organis,2,0
organiz,2,0
orient,3,0
origin,2,1
otherwis,0,7
outcom,2,1
outcompet,1,0
outflow,2,1
outlook,1,0
output,33,2
outright,0,4
outset,1,0
outshon,1,0
outsid,1,0
outsiz,2,0
outstand,0,1
overadjust,1,0
overal,1,1
overcom,3,0
overdu,0,1
overestim,1,1
overhang,1,0
overhangespeci,1,0
overhead,1,0
overinvest,3,0
overnight,1,7
overreact,1,0
overrid,3,0
overtaken,1,0
overus,0,1
owe,1,1
ownership,2,0
ownnam,0,1
oxford,0,1
p,1,0
pa,1,0
pace,11,0
pact,1,0
page,1,2
paid,0,1
pain,5,0
pakistan,1,0
pale,1,0
pandora,1,0
panic,0,3
paper,3,7
paperback,0,2
paragraph,0,2
parallel,1,0
paramet,0,1
paraphras,0,1
parcel,0,1
pare,1,0
parenthet,1,0
parliamentari,1,0
part,18,6
parti,1,0
partial,1,0
particip,4,3
particular,14,4
partner,4,0
partnership,4,0
pass,3,3
passag,1,0
past,24,8
path,1,0
patient,1,0
pattern,4,0
paul,0,2
pay,1,4
payer,0,1
payment,5,6
payrol,2,0
peac,3,0
peacetim,0,7
peak,1,0
pedersen,0,1
peer,0,1
penal,1,1
penalti,0,3
pension,1,0
peopl,5,1
per,31,0
perceiv,3,0
percent,18,0
percept,1,0
perform,9,0
perhap,2,5
period,18,6
perman,3,5
permit,2,1
perpetu,1,0
persist,1,1
person,3,0
personnel,1,0
perspect,3,1
pertain,1,0
pervers,0,2
pessim,2,0
pessimist,1,0
petrochem,1,0
pharmaceut,1,0
phase,0,2
philipp,0,1
philippin,1,0
philosophi,1,0
pick,3,0
pickup,4,0
pictur,1,0
piec,2,1
pieintheski,1,0
pillar,1,0
place,4,4
placement,1,0
plan,3,10
plant,1,0
plausibl,2,1
play,3,1
pleas,1,0
pleasur,1,0
plenti,0,1
plug,1,0
plumb,0,1
plummet,1,0
plung,0,1
pmwt,0,2
point,7,6
poison,1,0
polici,23,36
policymak,4,0
polit,15,0
pool,2,0
poor,2,0
popul,5,0
portfolio,2,4
portion,1,0
portionand,1,0
pose,1,1
posit,7,2
possibl,12,4
post,7,3
postcrisi,1,0
postworld,1,0
potenti,8,2
pour,1,0
power,4,0
pp,3,1
practic,11,3
prc,1,0
pre,1,0
precautionari,0,2
preced,1,1
precept,1,1
precious,1,0
precipit,1,1
precis,2,0
predecessor,0,1
predic,0,1
predict,3,0
predomin,1,0
preempt,1,0
preemptiv,5,0
prefer,0,1
prefund,0,2
premia,0,1
premium,4,4
prepar,3,2
preposit,0,1
presenc,0,2
present,1,2
preserv,0,5
presid,4,1
press,2,1
pressur,4,0
presum,2,0
prevail,1,2
preval,0,1
prevent,2,2
previous,2,0
price,16,20
primari,1,3
primarili,1,0
prime,2,1
princip,2,2
principl,5,16
prior,2,0
privat,23,13
privatesector,0,1
privatetopriv,1,0
probabl,2,5
problem,21,19
procedur,1,0
proceed,2,1
process,12,0
procycl,2,0
produc,3,1
product,104,0
productivityenhanc,1,0
productivityl,1,0
profess,1,0
profession,1,0
profil,2,0
profit,13,1
profound,0,2
program,1,0
programm,1,1
progress,9,0
progressespeci,1,0
project,3,0
promis,1,1
promot,6,0
prompt,0,2
promulg,2,2
pronounc,0,1
prop,0,1
proper,2,1
properti,2,1
proport,0,2
propos,9,1
proposit,1,0
prospect,7,0
prosper,1,0
protect,2,11
prove,1,1
proven,1,0
provid,20,26
provinc,1,0
provis,0,7
prudent,0,5
prudenti,0,4
public,25,7
publish,2,6
purchas,2,5
purpos,1,4
pursu,3,1
pursuit,0,2
push,1,0
put,1,3
puzzl,2,0
qaeda,1,0
qualifi,1,1
qualit,0,1
qualiti,3,2
quantifi,1,0
quantit,2,0
quantiti,2,0
quarter,9,3
quarterth,1,0
quell,0,1
question,11,1
questionmark,0,1
quick,4,1
quit,5,0
quot,0,1
race,1,0
racial,1,0
rais,13,0
rang,8,7
rank,3,0
rapid,17,0
rare,0,1
ratchet,1,0
rate,19,22
rateset,0,1
rather,6,11
ratio,0,1
rd,1,0
reach,0,1
react,2,0
read,3,0
readi,2,4
readili,0,1
reaffim,0,1
real,7,3
realist,2,0
realiti,3,2
realiz,1,0
realli,0,1
realloc,2,0
realm,0,1
realtim,0,1
reap,1,1
reason,8,4
reced,1,0
receiv,0,1
recent,32,8
recess,3,1
recipi,0,1
recogn,5,0
recognis,0,3
recommend,4,0
record,4,0
recours,2,0
recov,2,1
recoveri,9,0
red,1,1
redempt,0,1
reduc,5,11
reduct,2,0
redund,1,0
reestablish,1,0
reevalu,1,0
refer,0,1
refin,2,1
reflect,16,3
refocus,2,0
reform,4,0
refresh,1,0
regain,1,0
regard,3,2
regardless,1,0
regim,4,9
region,11,0
regrett,1,0
regul,1,12
regular,0,7
regulatori,7,4
reinforc,4,0
relat,6,10
relationship,5,0
relax,0,1
releas,6,2
relev,1,1
reli,1,3
reliabl,0,2
religi,2,0
reluct,1,1
remain,15,1
remak,1,0
remargin,0,1
remark,4,2
remedi,3,1
rememb,1,0
remind,1,0
remit,0,1
remot,0,1
remov,3,0
render,1,0
renew,2,0
reorgan,3,0
repaid,0,1
repeat,1,0
repertoir,0,2
replac,2,1
replic,1,0
repo,0,18
report,8,2
repres,3,0
reprint,0,2
reput,0,1
request,1,0
requir,10,14
rescu,0,1
research,9,1
resembl,1,0
reserv,5,30
reservestev,1,0
resid,1,0
resili,8,4
resist,1,0
resolut,4,4
resolv,7,1
resort,1,14
resourc,5,3
respect,1,1
respond,1,0
respons,5,3
rest,1,0
restor,11,0
restrain,1,0
restructur,5,1
result,12,6
resurg,1,0
retail,0,3
retain,1,1
retir,3,0
retrench,0,1
retrospect,1,0
return,7,2
reveal,0,3
revenu,2,0
revert,1,0
review,11,3
revis,11,1
reviv,1,1
revolut,1,0
revolution,1,0
revolutionari,1,0
revolv,0,1
reward,1,0
ride,1,0
right,6,4
rightsiz,1,0
rise,9,3
risen,1,0
risk,29,48
riskier,0,1
risksensit,1,0
riskshar,1,0
risktak,2,0
rmbs,0,1
robust,4,0
rochest,1,0
roger,2,1
role,5,5
rollov,0,1
root,1,0
rose,1,0
rosengren,0,1
rough,1,0
routin,0,4
rtgs,0,1
rule,1,2
run,8,7
ruptur,1,0
ruthless,1,0
safe,0,2
safeguard,1,1
safeti,0,1
said,1,4
sale,0,1
save,4,2
say,3,4
scale,2,3
scenario,1,2
schedul,0,1
scheme,2,5
school,5,0
scienc,1,0
scientif,1,0
scope,3,0
search,1,0
second,11,7
secondari,1,2
secretari,1,0
section,0,1
sector,33,10
sectora,1,0
sectorespeci,1,0
sectorl,1,0
secur,9,24
securedfund,0,1
securitis,0,2
seduct,1,0
see,4,9
seek,4,2
seem,18,2
seen,2,4
segment,1,0
seiz,1,0
select,0,3
selfrenew,1,0
selfsustain,1,0
semiconductor,2,0
send,1,0
sens,0,2
sensit,1,0
sentiment,2,0
separ,1,2
septemb,3,2
seri,2,2
serious,1,3
serv,2,1
servic,12,5
set,3,8
setback,1,0
settl,1,3
settlement,0,2
seven,1,0
sever,12,3
shadow,0,1
shake,1,0
shall,1,1
shallow,1,0
shapiro,1,0
share,5,2
sharehold,1,5
sharp,1,1
sharpli,2,0
sheet,3,8
shi,1,0
shift,2,1
shock,3,3
short,3,4
shortag,0,1
shortcom,1,0
shorter,1,0
shortfal,1,0
shortterm,0,7
show,4,0
shown,2,0
shrewd,1,0
sibert,0,1
sichel,2,0
sichelsh,1,0
side,4,1
sidestep,0,1
sight,2,0
sign,0,1
signal,1,2
signific,12,2
similar,3,4
simpl,1,0
simpli,0,1
simplifi,1,0
simultan,1,0
sinc,8,5
singapor,29,0
singaporean,4,0
singl,1,0
sink,0,1
sit,0,1
situat,6,0
siv,0,1
six,1,1
sixth,0,1
sizabl,1,0
size,0,7
sizeabl,2,0
skil,1,0
skill,6,0
slide,0,1
slight,1,0
slow,2,0
slowdown,4,0
slowli,1,0
sls,0,1
sluggish,1,0
slump,2,0
small,6,2
smaller,3,2
smarter,1,0
smooth,0,1
soak,1,0
socal,2,0
social,5,2
societi,0,5
soft,2,0
soften,1,0
softwar,4,0
solut,5,1
solv,0,1
solvenc,1,6
solvent,0,2
somehow,0,3
someth,0,1
sometim,0,3
soon,2,1
sooner,1,0
sophist,2,0
sort,0,1
sound,3,5
sourc,6,3
south,1,0
southeast,36,0
sovereign,2,1
space,2,0
span,2,0
spark,1,0
special,0,6
specialis,2,0
specialpurpos,1,0
specif,7,0
spectacular,1,0
spectrum,2,0
speech,1,2
spend,8,0
sphere,0,1
spillov,2,1
spiral,0,1
spirit,2,0
spot,1,0
spread,5,12
spur,5,0
squam,0,1
squeez,1,0
stabil,5,21
stabilis,0,3
stabl,3,0
staff,1,0
stagnat,2,0
stakehold,1,0
stand,2,4
standard,9,4
standpoint,1,0
stanley,1,0
stark,1,0
start,2,1
starter,0,1
startup,2,0
state,9,3
statement,1,1
stateown,1,0
statist,5,0
status,1,0
statutori,1,0
stay,1,0
steadyst,0,1
steep,1,0
stem,1,3
step,0,3
stephen,1,0
stepup,2,0
sterilis,0,1
sterl,0,7
stick,0,2
stigma,0,4
still,11,1
stimul,1,2
stimulus,1,0
stiroh,2,0
stock,6,2
stockmarket,1,0
stockton,2,0
stood,0,1
stop,2,0
stopout,0,3
stori,1,0
straight,0,1
straightforward,2,0
strain,1,0
strateg,4,0
strategi,6,1
street,0,4
strength,1,0
strengthen,5,0
stress,3,15
stretch,1,0
strife,1,0
strike,1,0
stringent,1,0
strong,15,1
stronger,3,0
structur,8,11
struggl,2,0
student,3,0
studi,9,1
stumbl,0,1
subject,0,4
submit,1,0
submiti,1,0
subperiod,1,0
subscrib,0,2
subsequ,3,0
subsid,1,0
subsidi,0,1
substanti,5,0
substitut,1,1
subtract,1,0
succeed,2,0
success,6,1
successor,0,1
suffer,2,0
suffici,0,2
suggest,14,3
suharto,3,0
suit,1,0
sum,3,0
summari,1,2
summit,1,0
supervis,1,3
supervisor,3,2
supervisori,2,2
suppli,6,8
support,12,13
suprem,1,0
sure,4,1
surfac,2,0
surg,8,0
surplus,1,1
surpris,1,0
surveil,1,1
survey,3,0
susanto,1,0
suspect,1,1
suspend,2,0
suspens,3,0
suspicion,1,0
sustain,7,1
swap,0,9
sweep,1,0
swept,1,0
swift,1,0
swiss,0,1
switch,0,1
system,22,66
systemat,1,0
systemicsever,0,1
tabl,1,0
tackl,2,0
tactic,1,0
tailor,1,0
taiwan,1,0
take,8,13
taken,4,1
talent,5,0
talk,1,1
tangibl,1,0
tape,1,0
target,3,9
tax,10,1
taxpay,0,1
taxsensit,1,0
tbill,0,1
technic,3,2
technocrat,0,1
technolog,29,1
telecommun,2,0
tell,2,0
temper,1,0
temporari,1,2
temporarili,0,4
tempt,0,1
ten,1,0
tend,3,0
tendenc,4,0
tenet,1,0
tepid,1,0
term,7,15
territori,1,3
terror,5,0
terrorist,3,0
tertiari,1,0
test,1,2
th,2,1
thailand,1,0
thank,2,1
theme,1,1
therebi,1,1
therefor,1,2
thing,3,4
think,8,12
third,9,5
thirti,2,1
thorni,1,0
though,3,0
thought,3,3
thousand,1,0
threat,1,2
threaten,0,1
three,9,3
thrive,1,0
thus,9,2
tie,1,0
tighten,1,1
tighter,0,1
till,1,0
time,18,11
timeconsist,0,5
timeless,0,1
today,14,6
togeth,1,3
told,1,0
toler,1,1
toobigtofail,0,1
tooeasi,0,1
tool,1,2
top,2,0
topic,2,0
torn,1,0
total,1,1
tough,2,0
toughest,1,0
tourism,1,0
tourist,1,0
toward,4,0
tower,0,1
tradabl,1,0
trade,11,4
tradeoff,0,1
trader,0,3
tradit,0,1
tragic,2,0
trail,1,0
train,2,0
transact,0,3
transfer,0,5
transform,2,1
transit,2,1
transitori,3,0
transitorythat,1,0
transpar,4,1
transpir,1,0
transport,1,0
travel,1,0
trawl,0,1
treasuri,1,6
treat,1,0
treatment,1,0
trend,9,1
tri,3,3
tricki,1,0
trigger,1,0
trim,1,0
tripartit,0,2
troubl,0,1
true,3,1
truli,4,2
truste,1,0
truth,1,0
tucker,0,3
turbul,1,0
turmoil,0,4
turn,3,6
turner,0,1
twenti,1,1
twentieth,1,0
twentyfirst,1,0
two,12,5
type,1,5
typic,1,2
tyson,1,0
uk,1,9
ulama,1,0
ultim,8,3
unambigu,1,0
unansw,1,0
unattract,0,1
unavail,0,1
unavoid,1,2
unbeliev,2,0
unbundl,0,1
uncertain,2,1
uncertainti,3,0
unchart,1,0
uncov,1,0
underdevelop,1,0
underestim,1,0
undergo,1,0
underli,1,0
underlin,0,3
undermin,1,0
underperform,3,0
underpin,0,7
underpr,0,1
understand,9,1
understood,0,1
undertak,1,0
undertook,2,0
underway,0,1
underwrit,0,1
unend,1,0
unequivoc,1,0
unexploit,1,0
unfathom,0,1
unfold,3,0
unfortun,1,2
unintend,1,0
uniqu,1,0
unit,5,0
uniti,0,1
univers,2,1
unless,1,0
unlik,4,1
unlimit,0,2
unnecessari,1,0
unnecessarili,1,0
unpalat,1,0
unpreced,1,0
unpredict,1,0
unquestion,0,2
unravel,0,1
unrealist,1,0
unusu,1,0
unviabl,0,1
unwant,0,1
unwil,0,1
updat,2,2
upgrad,2,0
uphold,1,0
upon,0,3
upper,1,0
upsurg,1,0
upsw,0,1
upward,1,0
urgent,1,0
us,16,13
usasean,1,0
use,16,17
ussingapor,1,0
usual,4,3
util,1,0
valu,3,6
valuabl,1,0
valuat,0,8
valuead,1,0
valuechain,1,0
variabl,2,0
variablenav,0,1
variant,0,2
variat,0,1
varieti,1,1
various,3,4
vast,1,0
vehicl,1,0
vein,1,0
ventur,2,0
versa,1,0
via,0,14
viabil,0,2
viabl,1,1
vibrant,2,0
vice,2,0
vicechairman,1,1
vicious,0,1
view,8,5
vigor,1,0
violant,1,0
violenc,1,0
virtu,0,1
virtual,2,0
virus,1,0
visit,1,0
vital,0,2
voic,1,1
vol,2,0
volatil,2,1
volker,0,1
volum,1,0
voluntari,2,1
voyag,1,0
vulner,1,0
w,3,1
wage,3,1
wait,1,1
wane,1,0
want,5,4
war,6,0
warn,1,0
warrant,1,1
wartim,0,1
wast,1,0
way,16,7
weak,5,0
weaken,4,0
weaker,2,0
wealth,1,0
wealthi,1,0
weather,1,0
web,0,2
websit,1,0
week,2,2
weigh,0,1
weight,0,1
welcom,1,1
well,15,5
wellalign,1,0
wellcapit,1,0
wellfunct,1,0
went,1,0
western,1,0
weve,2,0
whatev,0,1
whenev,2,0
wherea,0,5
wherebi,1,0
wherewith,0,1
whether,2,8
whittl,1,0
whole,5,5
wholesal,0,4
whose,2,1
wide,3,7
widecollater,0,2
widen,1,1
wider,0,9
widercollater,0,6
widespread,0,2
wield,1,0
wiley,0,2
willem,0,2
william,2,0
willing,0,2
windfal,1,0
window,0,10
wish,1,2
wit,1,0
witch,0,1
withdraw,1,0
within,2,0
without,2,9
word,0,3
work,23,7
worker,6,0
workersthat,1,0
workforc,2,0
workload,1,0
workout,3,0
world,9,3
worldwid,3,0
worri,1,1
wors,1,0
worsen,1,0
worst,1,0
worth,0,2
would,25,48
write,0,1
wrong,3,0
wrote,0,1
wto,2,0
wwwbankofenglandcoukmarketsmoneydiscountindexhtm,0,1
wwwbankofenglandcoukmarketsslsindexhtm,0,1
wwwbisorg,1,0
wwwfederalreservegovnewseventspressmonetarybhtm,0,1
year,50,12
yearearli,1,0
yearend,2,0
yet,8,0
yield,3,3
yk,3,0
york,3,1
young,1,0
zealand,3,0
zealous,1,0
zero,1,1
£bn,0,2
§,13,0
—well,1,0
•,27,9
…,0,1
………,0,1
